{"cameraMode":{"drawMode":0,"name":"Shaded","section":"Shading Mode"},"sceneLighting":false,"audioPlay":false,"sceneViewState":{"m_AlwaysRefresh":false,"showFog":true,"showSkybox":false,"showFlares":true,"showImageEffects":true,"showParticleSystems":true,"showVisualEffectGraphs":true,"m_FxEnabled":false},"in2DMode":false,"pivot":{"x":1.6581135988235474,"y":0.3977619707584381,"z":0.05328941345214844},"rotation":{"x":0.00017112850036937743,"y":-0.9994694590568543,"z":-0.015014927834272385,"w":0.03268996998667717},"size":1.1572972536087037,"orthographic":true}