{"cameraMode":{"drawMode":0,"name":"Shaded","section":"Shading Mode"},"sceneLighting":false,"audioPlay":false,"sceneViewState":{"m_AlwaysRefresh":false,"showFog":true,"showSkybox":false,"showFlares":true,"showImageEffects":true,"showParticleSystems":true,"showVisualEffectGraphs":true,"m_FxEnabled":false},"in2DMode":false,"pivot":{"x":-0.07985401153564453,"y":-0.09524059295654297,"z":1.0531108379364014},"rotation":{"x":0.31114259362220766,"y":0.5833583474159241,"z":-0.2575923800468445,"w":0.7046669721603394},"size":2.1781833171844484,"orthographic":false}