{"cameraMode":{"drawMode":0,"name":"Shaded","section":"Shading Mode"},"sceneLighting":false,"audioPlay":false,"sceneViewState":{"m_AlwaysRefresh":false,"showFog":true,"showSkybox":false,"showFlares":true,"showImageEffects":true,"showParticleSystems":true,"showVisualEffectGraphs":true,"m_FxEnabled":false},"in2DMode":false,"pivot":{"x":0.2080431580543518,"y":-0.12235850095748902,"z":0.16359126567840577},"rotation":{"x":0.015347293578088284,"y":-0.9706750512123108,"z":0.061071719974279407,"w":0.23254862427711488},"size":0.8849769830703735,"orthographic":true}