{"cameraMode":{"drawMode":0,"name":"Shaded","section":"Shading Mode"},"sceneLighting":false,"audioPlay":false,"sceneViewState":{"m_AlwaysRefresh":false,"showFog":true,"showSkybox":false,"showFlares":true,"showImageEffects":true,"showParticleSystems":true,"showVisualEffectGraphs":true,"m_FxEnabled":false},"in2DMode":false,"pivot":{"x":0.012960776686668396,"y":-0.20962154865264893,"z":-1.632456660270691},"rotation":{"x":0.005920696537941694,"y":0.9845730662345886,"z":-0.17154398560523988,"w":0.03398123383522034},"size":1.4340226650238038,"orthographic":false}