{"cameraMode":{"drawMode":0,"name":"Shaded","section":"Shading Mode"},"sceneLighting":false,"audioPlay":false,"sceneViewState":{"m_AlwaysRefresh":false,"showFog":true,"showSkybox":false,"showFlares":true,"showImageEffects":true,"showParticleSystems":true,"showVisualEffectGraphs":true,"m_FxEnabled":false},"in2DMode":false,"pivot":{"x":2.4384238719940187,"y":0.11406350135803223,"z":0.26247072219848635},"rotation":{"x":0.24739134311676026,"y":0.2033783346414566,"z":-0.05319295451045036,"w":0.9458504319190979},"size":2.91605806350708,"orthographic":false}