{"cameraMode":{"drawMode":0,"name":"Shaded","section":"Shading Mode"},"sceneLighting":false,"audioPlay":false,"sceneViewState":{"m_AlwaysRefresh":false,"showFog":true,"showSkybox":false,"showFlares":true,"showImageEffects":true,"showParticleSystems":true,"showVisualEffectGraphs":true,"m_FxEnabled":false},"in2DMode":false,"pivot":{"x":-3.987452983856201,"y":0.32152605056762698,"z":0.1720150113105774},"rotation":{"x":0.005167823750525713,"y":0.9779142141342163,"z":-0.024353185668587686,"w":0.20752651989459992},"size":0.47400856018066409,"orthographic":true}