{"cameraMode":{"drawMode":0,"name":"Shaded","section":"Shading Mode"},"sceneLighting":false,"audioPlay":false,"sceneViewState":{"m_AlwaysRefresh":false,"showFog":true,"showSkybox":false,"showFlares":true,"showImageEffects":true,"showParticleSystems":true,"showVisualEffectGraphs":true,"m_FxEnabled":false},"in2DMode":false,"pivot":{"x":-0.09418517351150513,"y":-0.10580691695213318,"z":-0.6251803636550903},"rotation":{"x":0.00644993782043457,"y":-0.9911271333694458,"z":0.046043869107961658,"w":0.1255207657814026},"size":0.7676795125007629,"orthographic":true}