{"cameraMode":{"drawMode":0,"name":"Shaded","section":"Shading Mode"},"sceneLighting":false,"audioPlay":false,"sceneViewState":{"m_AlwaysRefresh":false,"showFog":true,"showSkybox":false,"showFlares":true,"showImageEffects":true,"showParticleSystems":true,"showVisualEffectGraphs":true,"m_FxEnabled":false},"in2DMode":false,"pivot":{"x":-86.29137420654297,"y":-0.10269292443990708,"z":-6.364999771118164},"rotation":{"x":0.016202883794903756,"y":0.841087818145752,"z":-0.5400880575180054,"w":0.025243133306503297},"size":1.2181955575942994,"orthographic":false}