{"cameraMode":{"drawMode":0,"name":"Shaded","section":"Shading Mode"},"sceneLighting":false,"audioPlay":false,"sceneViewState":{"m_AlwaysRefresh":false,"showFog":true,"showSkybox":false,"showFlares":true,"showImageEffects":true,"showParticleSystems":true,"showVisualEffectGraphs":true,"m_FxEnabled":false},"in2DMode":false,"pivot":{"x":0.5683087110519409,"y":0.8187007904052734,"z":-1.103993535041809},"rotation":{"x":0.29389357566833498,"y":0.05501037836074829,"z":-0.01694135181605816,"w":0.9541112780570984},"size":1.3444851636886597,"orthographic":true}