{"cameraMode":{"drawMode":0,"name":"Shaded","section":"Shading Mode"},"sceneLighting":false,"audioPlay":false,"sceneViewState":{"m_AlwaysRefresh":false,"showFog":true,"showSkybox":false,"showFlares":true,"showImageEffects":true,"showParticleSystems":true,"showVisualEffectGraphs":true,"m_FxEnabled":false},"in2DMode":false,"pivot":{"x":-0.19987303018569947,"y":0.43129122257232668,"z":0.09935271739959717},"rotation":{"x":-0.05415697023272514,"y":0.9348375797271729,"z":-0.16287854313850404,"w":-0.3108331859111786},"size":0.8718952536582947,"orthographic":false}