{"cameraMode":{"drawMode":0,"name":"Shaded","section":"Shading Mode"},"sceneLighting":false,"audioPlay":false,"sceneViewState":{"m_AlwaysRefresh":false,"showFog":true,"showSkybox":false,"showFlares":true,"showImageEffects":true,"showParticleSystems":true,"showVisualEffectGraphs":true,"m_FxEnabled":false},"in2DMode":false,"pivot":{"x":0.6776905059814453,"y":3.0578396320343019,"z":0.044579505920410159},"rotation":{"x":0.001254863804206252,"y":0.9982156753540039,"z":-0.04947305843234062,"w":0.036884140223264697},"size":17.652042388916017,"orthographic":true}