{"cameraMode":{"drawMode":0,"name":"Shaded","section":"Shading Mode"},"sceneLighting":false,"audioPlay":false,"sceneViewState":{"m_AlwaysRefresh":false,"showFog":true,"showSkybox":false,"showFlares":true,"showImageEffects":true,"showParticleSystems":true,"showVisualEffectGraphs":true,"m_FxEnabled":false},"in2DMode":false,"pivot":{"x":0.20117425918579102,"y":3.734724521636963,"z":0.02193474769592285},"rotation":{"x":0.07063490897417069,"y":-0.9187502861022949,"z":0.3394221067428589,"w":0.18957412242889405},"size":4.86926794052124,"orthographic":true}