{"cameraMode":{"drawMode":0,"name":"Shaded","section":"Shading Mode"},"sceneLighting":false,"audioPlay":false,"sceneViewState":{"m_AlwaysRefresh":false,"showFog":true,"showSkybox":false,"showFlares":true,"showImageEffects":true,"showParticleSystems":true,"showVisualEffectGraphs":true,"m_FxEnabled":false},"in2DMode":false,"pivot":{"x":-0.0033086538314819338,"y":0.2595156133174896,"z":0.03370016813278198},"rotation":{"x":0.07063490897417069,"y":-0.9187502861022949,"z":0.3394221067428589,"w":0.18957412242889405},"size":1.1201765537261963,"orthographic":true}