{"cameraMode":{"drawMode":0,"name":"Shaded","section":"Shading Mode"},"sceneLighting":false,"audioPlay":false,"sceneViewState":{"m_AlwaysRefresh":false,"showFog":true,"showSkybox":false,"showFlares":true,"showImageEffects":true,"showParticleSystems":true,"showVisualEffectGraphs":true,"m_FxEnabled":false},"in2DMode":false,"pivot":{"x":0.13778603076934815,"y":0.10286962985992432,"z":-0.1014946699142456},"rotation":{"x":-0.002661203034222126,"y":0.9867721199989319,"z":-0.1612703949213028,"w":-0.016283219680190088},"size":0.6747865676879883,"orthographic":false}