{"cameraMode":{"drawMode":0,"name":"Shaded","section":"Shading Mode"},"sceneLighting":false,"audioPlay":false,"sceneViewState":{"m_AlwaysRefresh":false,"showFog":true,"showSkybox":false,"showFlares":true,"showImageEffects":true,"showParticleSystems":true,"showVisualEffectGraphs":true,"m_FxEnabled":false},"in2DMode":false,"pivot":{"x":0.05525903403759003,"y":-0.04029074311256409,"z":0.0032296180725097658},"rotation":{"x":-0.0007174871861934662,"y":0.9997639060020447,"z":-0.025495359674096109,"w":-0.008079592138528824},"size":0.8590317964553833,"orthographic":true}