{"cameraMode":{"drawMode":0,"name":"Shaded","section":"Shading Mode"},"sceneLighting":false,"audioPlay":false,"sceneViewState":{"m_AlwaysRefresh":false,"showFog":true,"showSkybox":false,"showFlares":true,"showImageEffects":true,"showParticleSystems":true,"showVisualEffectGraphs":true,"m_FxEnabled":false},"in2DMode":false,"pivot":{"x":0.0571378692984581,"y":0.0077266693115234379,"z":-0.06853485107421875},"rotation":{"x":0.00005397259883466177,"y":0.9993515014648438,"z":0.03599219769239426,"w":-0.0014989227056503296},"size":1.095034122467041,"orthographic":false}