{"cameraMode":{"drawMode":0,"name":"Shaded","section":"Shading Mode"},"sceneLighting":false,"audioPlay":false,"sceneViewState":{"m_AlwaysRefresh":false,"showFog":true,"showSkybox":false,"showFlares":true,"showImageEffects":true,"showParticleSystems":true,"showVisualEffectGraphs":true,"m_FxEnabled":false},"in2DMode":false,"pivot":{"x":-0.0022261738777160646,"y":0.13658058643341065,"z":-0.08888894319534302},"rotation":{"x":0.32855188846588137,"y":-0.4190056324005127,"z":0.16512274742126466,"w":0.8303369879722595},"size":0.42782488465309145,"orthographic":true}