{"cameraMode":{"drawMode":0,"name":"Shaded","section":"Shading Mode"},"sceneLighting":false,"audioPlay":false,"sceneViewState":{"m_AlwaysRefresh":false,"showFog":true,"showSkybox":false,"showFlares":true,"showImageEffects":true,"showParticleSystems":true,"showVisualEffectGraphs":true,"m_FxEnabled":false},"in2DMode":false,"pivot":{"x":-0.08692812919616699,"y":5.728707790374756,"z":-0.12090080976486206},"rotation":{"x":0.07063490897417069,"y":-0.9187502861022949,"z":0.3394221067428589,"w":0.18957412242889405},"size":5.9312262535095219,"orthographic":true}