{"cameraMode":{"drawMode":0,"name":"Shaded","section":"Shading Mode"},"sceneLighting":false,"audioPlay":false,"sceneViewState":{"m_AlwaysRefresh":false,"showFog":true,"showSkybox":false,"showFlares":true,"showImageEffects":true,"showParticleSystems":true,"showVisualEffectGraphs":true,"m_FxEnabled":false},"in2DMode":false,"pivot":{"x":0.051358699798583987,"y":-0.9918947219848633,"z":4.681034088134766},"rotation":{"x":0.39749079942703249,"y":0.6025032997131348,"z":-0.49205005168914797,"w":0.4867263734340668},"size":7.289091110229492,"orthographic":false}