{"cameraMode":{"drawMode":0,"name":"Shaded","section":"Shading Mode"},"sceneLighting":false,"audioPlay":false,"sceneViewState":{"m_AlwaysRefresh":false,"showFog":true,"showSkybox":false,"showFlares":true,"showImageEffects":true,"showParticleSystems":true,"showVisualEffectGraphs":true,"m_FxEnabled":false},"in2DMode":false,"pivot":{"x":-0.02107476443052292,"y":-0.06444701552391052,"z":0.018720030784606935},"rotation":{"x":0.0011763738002628089,"y":-0.998690664768219,"z":-0.010453766211867333,"w":-0.05247098580002785},"size":0.6744980216026306,"orthographic":true}