{"cameraMode":{"drawMode":0,"name":"Shaded","section":"Shading Mode"},"sceneLighting":false,"audioPlay":false,"sceneViewState":{"m_AlwaysRefresh":false,"showFog":true,"showSkybox":false,"showFlares":true,"showImageEffects":true,"showParticleSystems":true,"showVisualEffectGraphs":true,"m_FxEnabled":false},"in2DMode":false,"pivot":{"x":0.2861166000366211,"y":3.0064311027526857,"z":-0.010342620313167572},"rotation":{"x":0.2189980447292328,"y":-0.014640683308243752,"z":0.00327390618622303,"w":0.9756262898445129},"size":28.757564544677736,"orthographic":true}