{"cameraMode":{"drawMode":0,"name":"Shaded","section":"Shading Mode"},"sceneLighting":false,"audioPlay":false,"sceneViewState":{"m_AlwaysRefresh":false,"showFog":true,"showSkybox":false,"showFlares":true,"showImageEffects":true,"showParticleSystems":true,"showVisualEffectGraphs":true,"m_FxEnabled":false},"in2DMode":false,"pivot":{"x":0.36111974716186526,"y":3.0646286010742189,"z":0.6485204696655273},"rotation":{"x":0.13061605393886567,"y":0.8151674270629883,"z":-0.5269054770469666,"w":0.20208081603050233},"size":11.418333053588868,"orthographic":false}