{"cameraMode":{"drawMode":0,"name":"Shaded","section":"Shading Mode"},"sceneLighting":false,"audioPlay":false,"sceneViewState":{"m_AlwaysRefresh":false,"showFog":true,"showSkybox":false,"showFlares":true,"showImageEffects":true,"showParticleSystems":true,"showVisualEffectGraphs":true,"m_FxEnabled":false},"in2DMode":false,"pivot":{"x":-0.5025491714477539,"y":-0.26291847229003909,"z":0.4789156913757324},"rotation":{"x":-0.07123672962188721,"y":0.9115157127380371,"z":-0.36354249715805056,"w":-0.1786131113767624},"size":1.5856330394744874,"orthographic":false}