{"cameraMode":{"drawMode":0,"name":"Shaded","section":"Shading Mode"},"sceneLighting":false,"audioPlay":false,"sceneViewState":{"m_AlwaysRefresh":false,"showFog":true,"showSkybox":false,"showFlares":true,"showImageEffects":true,"showParticleSystems":true,"showVisualEffectGraphs":true,"m_FxEnabled":false},"in2DMode":false,"pivot":{"x":-0.05137072503566742,"y":0.6285858154296875,"z":0.6170272827148438},"rotation":{"x":-0.4174307584762573,"y":0.026434943079948427,"z":-0.012149532325565815,"w":-0.908247172832489},"size":2.0615527629852297,"orthographic":false}