{"cameraMode":{"drawMode":0,"name":"Shaded","section":"Shading Mode"},"sceneLighting":false,"audioPlay":false,"sceneViewState":{"m_AlwaysRefresh":false,"showFog":true,"showSkybox":false,"showFlares":true,"showImageEffects":true,"showParticleSystems":true,"showVisualEffectGraphs":true,"m_FxEnabled":false},"in2DMode":false,"pivot":{"x":0.09726123511791229,"y":3.2347824573516847,"z":-0.05538389831781387},"rotation":{"x":-0.007565024774521589,"y":-0.9702895283699036,"z":0.23991484940052033,"w":-0.030592000111937524},"size":2.9266440868377687,"orthographic":true}