{"cameraMode":{"drawMode":0,"name":"Shaded","section":"Shading Mode"},"sceneLighting":false,"audioPlay":false,"sceneViewState":{"m_AlwaysRefresh":false,"showFog":true,"showSkybox":false,"showFlares":true,"showImageEffects":true,"showParticleSystems":true,"showVisualEffectGraphs":true,"m_FxEnabled":false},"in2DMode":false,"pivot":{"x":-0.0004575212951749563,"y":-0.0002350278664380312,"z":0.00004387088119983673},"rotation":{"x":0.5074583888053894,"y":-0.3296048939228058,"z":0.2184240072965622,"w":0.7656278014183044},"size":1.3853487968444825,"orthographic":true}