{"cameraMode":{"drawMode":0,"name":"Shaded","section":"Shading Mode"},"sceneLighting":false,"audioPlay":false,"sceneViewState":{"m_AlwaysRefresh":false,"showFog":true,"showSkybox":false,"showFlares":true,"showImageEffects":true,"showParticleSystems":true,"showVisualEffectGraphs":true,"m_FxEnabled":false},"in2DMode":false,"pivot":{"x":-0.05463552474975586,"y":0.16537611186504365,"z":-0.012554287910461426},"rotation":{"x":-0.002661203034222126,"y":0.9867721199989319,"z":-0.1612703949213028,"w":-0.016283219680190088},"size":0.876497209072113,"orthographic":false}