{"cameraMode":{"drawMode":0,"name":"Shaded","section":"Shading Mode"},"sceneLighting":false,"audioPlay":false,"sceneViewState":{"m_AlwaysRefresh":false,"showFog":true,"showSkybox":false,"showFlares":true,"showImageEffects":true,"showParticleSystems":true,"showVisualEffectGraphs":true,"m_FxEnabled":false},"in2DMode":false,"pivot":{"x":5.782367706298828,"y":19.378568649291993,"z":-2.2333149909973146},"rotation":{"x":0.04057259112596512,"y":0.10471842437982559,"z":-0.004283666145056486,"w":0.9936802387237549},"size":24.053918838500978,"orthographic":true}