{"cameraMode":{"drawMode":0,"name":"Shaded","section":"Shading Mode"},"sceneLighting":false,"audioPlay":false,"sceneViewState":{"m_AlwaysRefresh":false,"showFog":true,"showSkybox":false,"showFlares":true,"showImageEffects":true,"showParticleSystems":true,"showVisualEffectGraphs":true,"m_FxEnabled":false},"in2DMode":false,"pivot":{"x":-0.024492084980010988,"y":0.02962139993906021,"z":-0.012484937906265259},"rotation":{"x":0.1998172253370285,"y":0.3768603801727295,"z":-0.08359518647193909,"w":0.9006323218345642},"size":0.18611417710781098,"orthographic":false}