{"cameraMode":{"drawMode":0,"name":"Shaded","section":"Shading Mode"},"sceneLighting":false,"audioPlay":false,"sceneViewState":{"m_AlwaysRefresh":false,"showFog":true,"showSkybox":false,"showFlares":true,"showImageEffects":true,"showParticleSystems":true,"showVisualEffectGraphs":true,"m_FxEnabled":false},"in2DMode":false,"pivot":{"x":0.38474705815315249,"y":-0.1280701458454132,"z":1.005960464477539},"rotation":{"x":0.08761980384588242,"y":0.061225175857543948,"z":-0.005397114437073469,"w":0.9942691326141357},"size":1.544727087020874,"orthographic":false}