{"cameraMode":{"drawMode":0,"name":"Shaded","section":"Shading Mode"},"sceneLighting":false,"audioPlay":false,"sceneViewState":{"m_AlwaysRefresh":false,"showFog":true,"showSkybox":false,"showFlares":true,"showImageEffects":true,"showParticleSystems":true,"showVisualEffectGraphs":true,"m_FxEnabled":false},"in2DMode":false,"pivot":{"x":-0.1590900719165802,"y":-0.08275645971298218,"z":0.015561103820800782},"rotation":{"x":-0.062100280076265338,"y":0.9377764463424683,"z":-0.22039790451526643,"w":-0.26151153445243838},"size":2.4208052158355715,"orthographic":true}