{"cameraMode":{"drawMode":0,"name":"Shaded","section":"Shading Mode"},"sceneLighting":false,"audioPlay":false,"sceneViewState":{"m_AlwaysRefresh":false,"showFog":true,"showSkybox":false,"showFlares":true,"showImageEffects":true,"showParticleSystems":true,"showVisualEffectGraphs":true,"m_FxEnabled":false},"in2DMode":false,"pivot":{"x":-0.07549238204956055,"y":3.747734308242798,"z":0.10094642639160156},"rotation":{"x":0.09076198190450669,"y":0.8701609373092651,"z":-0.17486166954040528,"w":0.4516918361186981},"size":6.42310905456543,"orthographic":false}