{"cameraMode":{"drawMode":0,"name":"Shaded","section":"Shading Mode"},"sceneLighting":false,"audioPlay":false,"sceneViewState":{"m_AlwaysRefresh":false,"showFog":true,"showSkybox":false,"showFlares":true,"showImageEffects":true,"showParticleSystems":true,"showVisualEffectGraphs":true,"m_FxEnabled":false},"in2DMode":false,"pivot":{"x":-10.434247970581055,"y":2.3076772689819338,"z":1.1393413543701172},"rotation":{"x":0.6953248381614685,"y":-0.005390026606619358,"z":0.005215030163526535,"w":0.7186577320098877},"size":2.6131958961486818,"orthographic":false}