{"cameraMode":{"drawMode":0,"name":"Shaded","section":"Shading Mode"},"sceneLighting":false,"audioPlay":false,"sceneViewState":{"m_AlwaysRefresh":false,"showFog":true,"showSkybox":false,"showFlares":true,"showImageEffects":true,"showParticleSystems":true,"showVisualEffectGraphs":true,"m_FxEnabled":false},"in2DMode":false,"pivot":{"x":-0.11804354190826416,"y":-0.4160653352737427,"z":-0.20205283164978028},"rotation":{"x":-0.009838299825787545,"y":0.9899618625640869,"z":0.11932323127985,"w":0.07670483738183975},"size":1.7092195749282838,"orthographic":true}