{"cameraMode":{"drawMode":0,"name":"Shaded","section":"Shading Mode"},"sceneLighting":false,"audioPlay":false,"sceneViewState":{"m_AlwaysRefresh":false,"showFog":true,"showSkybox":false,"showFlares":true,"showImageEffects":true,"showParticleSystems":true,"showVisualEffectGraphs":true,"m_FxEnabled":false},"in2DMode":false,"pivot":{"x":0.02254875749349594,"y":0.056168198585510257,"z":0.1081203818321228},"rotation":{"x":0.5504404306411743,"y":0.003756906371563673,"z":-0.0024770016316324474,"w":0.8348624110221863},"size":0.7478698492050171,"orthographic":false}