{"cameraMode":{"drawMode":0,"name":"Shaded","section":"Shading Mode"},"sceneLighting":false,"audioPlay":false,"sceneViewState":{"m_AlwaysRefresh":false,"showFog":true,"showSkybox":false,"showFlares":true,"showImageEffects":true,"showParticleSystems":true,"showVisualEffectGraphs":true,"m_FxEnabled":false},"in2DMode":false,"pivot":{"x":-83.14330291748047,"y":0.09808525443077088,"z":-4.592176914215088},"rotation":{"x":0.016202883794903756,"y":0.841087818145752,"z":-0.5400880575180054,"w":0.025243133306503297},"size":1.2211955785751343,"orthographic":false}