{"cameraMode":{"drawMode":0,"name":"Shaded","section":"Shading Mode"},"sceneLighting":false,"audioPlay":false,"sceneViewState":{"m_AlwaysRefresh":false,"showFog":true,"showSkybox":false,"showFlares":true,"showImageEffects":true,"showParticleSystems":true,"showVisualEffectGraphs":true,"m_FxEnabled":false},"in2DMode":false,"pivot":{"x":0.004028484225273132,"y":0.021826347336173059,"z":0.008569970726966858},"rotation":{"x":0.1998172253370285,"y":0.3768603801727295,"z":-0.08359518647193909,"w":0.9006323218345642},"size":0.27297425270080569,"orthographic":false}