{"cameraMode":{"drawMode":0,"name":"Shaded","section":"Shading Mode"},"sceneLighting":false,"audioPlay":false,"sceneViewState":{"m_AlwaysRefresh":false,"showFog":true,"showSkybox":false,"showFlares":true,"showImageEffects":true,"showParticleSystems":true,"showVisualEffectGraphs":true,"m_FxEnabled":false},"in2DMode":false,"pivot":{"x":0.38270360231399538,"y":-0.45589447021484377,"z":-5.510910987854004},"rotation":{"x":0.05635008588433266,"y":-0.9427940845489502,"z":0.21072612702846528,"w":0.25211262702941897},"size":27.338998794555665,"orthographic":true}