{"cameraMode":{"drawMode":0,"name":"Shaded","section":"Shading Mode"},"sceneLighting":false,"audioPlay":false,"sceneViewState":{"m_AlwaysRefresh":false,"showFog":true,"showSkybox":false,"showFlares":true,"showImageEffects":true,"showParticleSystems":true,"showVisualEffectGraphs":true,"m_FxEnabled":false},"in2DMode":false,"pivot":{"x":0.5831856727600098,"y":0.45997023582458498,"z":0.08829188346862793},"rotation":{"x":-0.01788332872092724,"y":0.9672809839248657,"z":-0.2428700476884842,"w":-0.07122354209423065},"size":3.0790305137634279,"orthographic":true}