{"cameraMode":{"drawMode":0,"name":"Shaded","section":"Shading Mode"},"sceneLighting":false,"audioPlay":false,"sceneViewState":{"m_AlwaysRefresh":false,"showFog":true,"showSkybox":false,"showFlares":true,"showImageEffects":true,"showParticleSystems":true,"showVisualEffectGraphs":true,"m_FxEnabled":false},"in2DMode":false,"pivot":{"x":-0.048464998602867129,"y":-0.15191543102264405,"z":0.12102319300174713},"rotation":{"x":0.03750641271471977,"y":0.7356472611427307,"z":-0.6750925183296204,"w":0.040870197117328647},"size":0.5383051633834839,"orthographic":false}