{"cameraMode":{"drawMode":0,"name":"Shaded","section":"Shading Mode"},"sceneLighting":false,"audioPlay":false,"sceneViewState":{"m_AlwaysRefresh":false,"showFog":true,"showSkybox":false,"showFlares":true,"showImageEffects":true,"showParticleSystems":true,"showVisualEffectGraphs":true,"m_FxEnabled":false},"in2DMode":false,"pivot":{"x":-0.11353588104248047,"y":0.2231893241405487,"z":0.09495162963867188},"rotation":{"x":-0.002661203034222126,"y":0.9867721199989319,"z":-0.1612703949213028,"w":-0.016283219680190088},"size":19.262588500976564,"orthographic":false}