{"cameraMode":{"drawMode":0,"name":"Shaded","section":"Shading Mode"},"sceneLighting":false,"audioPlay":false,"sceneViewState":{"m_AlwaysRefresh":false,"showFog":true,"showSkybox":false,"showFlares":true,"showImageEffects":true,"showParticleSystems":true,"showVisualEffectGraphs":true,"m_FxEnabled":false},"in2DMode":false,"pivot":{"x":-0.0218656063079834,"y":0.20128761231899262,"z":-0.009564995765686036},"rotation":{"x":0.07063490897417069,"y":-0.9187502861022949,"z":0.3394221067428589,"w":0.18957412242889405},"size":1.8735277652740479,"orthographic":true}