{"cameraMode":{"drawMode":0,"name":"Shaded","section":"Shading Mode"},"sceneLighting":false,"audioPlay":false,"sceneViewState":{"m_AlwaysRefresh":false,"showFog":true,"showSkybox":false,"showFlares":true,"showImageEffects":true,"showParticleSystems":true,"showVisualEffectGraphs":true,"m_FxEnabled":false},"in2DMode":false,"pivot":{"x":-0.27757811546325686,"y":-0.3939198851585388,"z":0.1483987271785736},"rotation":{"x":-0.332720547914505,"y":-0.024894578382372857,"z":0.008786477148532868,"w":-0.9426587224006653},"size":0.1862092912197113,"orthographic":false}