{"cameraMode":{"drawMode":0,"name":"Shaded","section":"Shading Mode"},"sceneLighting":false,"audioPlay":false,"sceneViewState":{"m_AlwaysRefresh":false,"showFog":true,"showSkybox":false,"showFlares":true,"showImageEffects":true,"showParticleSystems":true,"showVisualEffectGraphs":true,"m_FxEnabled":true},"in2DMode":false,"pivot":{"x":-0.0019850730895996095,"y":0.29447126388549807,"z":-0.0033409595489501955},"rotation":{"x":-0.3401821553707123,"y":0.16028256714344026,"z":-0.058937638998031619,"w":-0.9247371554374695},"size":0.6807722449302673,"orthographic":true}