{"cameraMode":{"drawMode":0,"name":"Shaded","section":"Shading Mode"},"sceneLighting":false,"audioPlay":false,"sceneViewState":{"m_AlwaysRefresh":false,"showFog":true,"showSkybox":false,"showFlares":true,"showImageEffects":true,"showParticleSystems":true,"showVisualEffectGraphs":true,"m_FxEnabled":false},"in2DMode":false,"pivot":{"x":0.060680389404296878,"y":5.613080978393555,"z":-0.17610836029052735},"rotation":{"x":0.13844043016433717,"y":0.8614919781684876,"z":-0.35141658782958987,"w":0.3394087553024292},"size":6.259655952453613,"orthographic":false}