{"cameraMode":{"drawMode":0,"name":"Shaded","section":"Shading Mode"},"sceneLighting":false,"audioPlay":false,"sceneViewState":{"m_AlwaysRefresh":false,"showFog":true,"showSkybox":false,"showFlares":true,"showImageEffects":true,"showParticleSystems":true,"showVisualEffectGraphs":true,"m_FxEnabled":false},"in2DMode":false,"pivot":{"x":2.1521871089935304,"y":-0.16751384735107423,"z":0.1741475909948349},"rotation":{"x":0.1900106817483902,"y":0.6718449592590332,"z":-0.18432120978832246,"w":0.6918681859970093},"size":2.941392660140991,"orthographic":false}