{"cameraMode":{"drawMode":0,"name":"Shaded","section":"Shading Mode"},"sceneLighting":false,"audioPlay":false,"sceneViewState":{"m_AlwaysRefresh":false,"showFog":true,"showSkybox":false,"showFlares":true,"showImageEffects":true,"showParticleSystems":true,"showVisualEffectGraphs":true,"m_FxEnabled":true},"in2DMode":false,"pivot":{"x":-0.004546046257019043,"y":0.22572240233421327,"z":0.0027084946632385256},"rotation":{"x":-0.3401821553707123,"y":0.16028256714344026,"z":-0.058937638998031619,"w":-0.9247371554374695},"size":1.0636659860610963,"orthographic":true}