{"cameraMode":{"drawMode":0,"name":"Shaded","section":"Shading Mode"},"sceneLighting":false,"audioPlay":false,"sceneViewState":{"m_AlwaysRefresh":false,"showFog":true,"showSkybox":false,"showFlares":true,"showImageEffects":true,"showParticleSystems":true,"showVisualEffectGraphs":true,"m_FxEnabled":false},"in2DMode":false,"pivot":{"x":0.05059480667114258,"y":0.20128761231899262,"z":-0.036995649337768558},"rotation":{"x":0.31114259362220766,"y":0.5833583474159241,"z":-0.2575923800468445,"w":0.7046669721603394},"size":2.957677125930786,"orthographic":false}